,LogisticRegression,DecisionTree,RandomForest,XGBoost
cv_accuracy,0.717293233082707,0.724812030075188,0.796992481203008,0.781954887218045
accuracy,0.760479041916168,0.70059880239521,0.802395209580838,0.826347305389222
precision,0.864406779661017,0.681318681318681,0.828947368421053,0.8375
recall,0.614457831325301,0.746987951807229,0.759036144578313,0.807228915662651
f1,0.71830985915493,0.71264367816092,0.792452830188679,0.822085889570552
roc_auc,0.83605851979346,0.700874928284567,0.910714285714286,0.912650602409639
